e39871fd9fd74f55.jpg,https://requestor-proxy.figure-eight.com/figure_eight_datasets/open-images/train/e39871fd9fd74f55.jpg
f18b91585c4d3f3e.jpg,https://requestor-proxy.figure-eight.com/figure_eight_datasets/open-images/train/f18b91585c4d3f3e.jpg
ede6e66b2fb59aab.jpg,https://requestor-proxy.figure-eight.com/figure_eight_datasets/open-images/train/ede6e66b2fb59aab.jpg
ed600d57fcee4f94.jpg,https://requestor-proxy.figure-eight.com/figure_eight_datasets/open-images/train/ed600d57fcee4f94.jpg
ff47e649b23f446d.jpg,https://requestor-proxy.figure-eight.com/figure_eight_datasets/open-images/train/ff47e649b23f446d.jpg
e17acd05b631d330.jpg,https://requestor-proxy.figure-eight.com/figure_eight_datasets/open-images/train/e17acd05b631d330.jpg
efcfa9654f0e99c5.jpg,https://requestor-proxy.figure-eight.com/figure_eight_datasets/open-images/train/efcfa9654f0e99c5.jpg
f4124588a82d57be.jpg,https://requestor-proxy.figure-eight.com/figure_eight_datasets/open-images/train/f4124588a82d57be.jpg
f7a1ee2daf06b9e5.jpg,https://requestor-proxy.figure-eight.com/figure_eight_datasets/open-images/train/f7a1ee2daf06b9e5.jpg
e91ca52128724d8e.jpg,https://requestor-proxy.figure-eight.com/figure_eight_datasets/open-images/train/e91ca52128724d8e.jpg
fb0bc8ce2c0abf93.jpg,https://requestor-proxy.figure-eight.com/figure_eight_datasets/open-images/train/fb0bc8ce2c0abf93.jpg
f90d1afd211ffa0e.jpg,https://requestor-proxy.figure-eight.com/figure_eight_datasets/open-images/train/f90d1afd211ffa0e.jpg
e890373db1087107.jpg,https://requestor-proxy.figure-eight.com/figure_eight_datasets/open-images/train/e890373db1087107.jpg
e7f1ee016155ae56.jpg,https://requestor-proxy.figure-eight.com/figure_eight_datasets/open-images/train/e7f1ee016155ae56.jpg
fbc3409efdaf17de.jpg,https://requestor-proxy.figure-eight.com/figure_eight_datasets/open-images/train/fbc3409efdaf17de.jpg
f807b724d26e5b03.jpg,https://requestor-proxy.figure-eight.com/figure_eight_datasets/open-images/train/f807b724d26e5b03.jpg
f9cd8566b480753e.jpg,https://requestor-proxy.figure-eight.com/figure_eight_datasets/open-images/train/f9cd8566b480753e.jpg
fd2a3bf8f0402091.jpg,https://requestor-proxy.figure-eight.com/figure_eight_datasets/open-images/train/fd2a3bf8f0402091.jpg
f261eceb4b222a0c.jpg,https://requestor-proxy.figure-eight.com/figure_eight_datasets/open-images/train/f261eceb4b222a0c.jpg
e537af97a5a99bb7.jpg,https://requestor-proxy.figure-eight.com/figure_eight_datasets/open-images/train/e537af97a5a99bb7.jpg
dfbce24bb7a0005c.jpg,https://requestor-proxy.figure-eight.com/figure_eight_datasets/open-images/train/dfbce24bb7a0005c.jpg
f2a5f7eb4d652424.jpg,https://requestor-proxy.figure-eight.com/figure_eight_datasets/open-images/train/f2a5f7eb4d652424.jpg
fd1f1f16abef51b2.jpg,https://requestor-proxy.figure-eight.com/figure_eight_datasets/open-images/train/fd1f1f16abef51b2.jpg
e756d57d50265fb1.jpg,https://requestor-proxy.figure-eight.com/figure_eight_datasets/open-images/train/e756d57d50265fb1.jpg
ea39ed44e90a365b.jpg,https://requestor-proxy.figure-eight.com/figure_eight_datasets/open-images/train/ea39ed44e90a365b.jpg
f763a72f425b7d94.jpg,https://requestor-proxy.figure-eight.com/figure_eight_datasets/open-images/train/f763a72f425b7d94.jpg
fa9d108a22dac323.jpg,https://requestor-proxy.figure-eight.com/figure_eight_datasets/open-images/train/fa9d108a22dac323.jpg
f6504f7db22cc749.jpg,https://requestor-proxy.figure-eight.com/figure_eight_datasets/open-images/train/f6504f7db22cc749.jpg
e0d3452ed12d6c68.jpg,https://requestor-proxy.figure-eight.com/figure_eight_datasets/open-images/train/e0d3452ed12d6c68.jpg
f81d0488f508c53d.jpg,https://requestor-proxy.figure-eight.com/figure_eight_datasets/open-images/train/f81d0488f508c53d.jpg
e642c690123a11eb.jpg,https://requestor-proxy.figure-eight.com/figure_eight_datasets/open-images/train/e642c690123a11eb.jpg
df8a8403e4545ab5.jpg,https://requestor-proxy.figure-eight.com/figure_eight_datasets/open-images/train/df8a8403e4545ab5.jpg
f5b027a7f97719f2.jpg,https://requestor-proxy.figure-eight.com/figure_eight_datasets/open-images/train/f5b027a7f97719f2.jpg
f017cccfad66172e.jpg,https://requestor-proxy.figure-eight.com/figure_eight_datasets/open-images/train/f017cccfad66172e.jpg
ebc180745fbb91b7.jpg,https://requestor-proxy.figure-eight.com/figure_eight_datasets/open-images/train/ebc180745fbb91b7.jpg
e5101f2624f9d7fd.jpg,https://requestor-proxy.figure-eight.com/figure_eight_datasets/open-images/train/e5101f2624f9d7fd.jpg
f6a0d8cfee778b04.jpg,https://requestor-proxy.figure-eight.com/figure_eight_datasets/open-images/train/f6a0d8cfee778b04.jpg
e80b236ee02f433a.jpg,https://requestor-proxy.figure-eight.com/figure_eight_datasets/open-images/train/e80b236ee02f433a.jpg
fc1c3a053cd4d023.jpg,https://requestor-proxy.figure-eight.com/figure_eight_datasets/open-images/train/fc1c3a053cd4d023.jpg
dfd3d4dcf65dd5bf.jpg,https://requestor-proxy.figure-eight.com/figure_eight_datasets/open-images/train/dfd3d4dcf65dd5bf.jpg
fc2400edb71a0b9a.jpg,https://requestor-proxy.figure-eight.com/figure_eight_datasets/open-images/train/fc2400edb71a0b9a.jpg
ff581d377597e5c1.jpg,https://requestor-proxy.figure-eight.com/figure_eight_datasets/open-images/train/ff581d377597e5c1.jpg
dfc87c39720bb1d0.jpg,https://requestor-proxy.figure-eight.com/figure_eight_datasets/open-images/train/dfc87c39720bb1d0.jpg
e0754673b320c917.jpg,https://requestor-proxy.figure-eight.com/figure_eight_datasets/open-images/train/e0754673b320c917.jpg
fff83ea388f1a3d3.jpg,https://requestor-proxy.figure-eight.com/figure_eight_datasets/open-images/train/fff83ea388f1a3d3.jpg
fecb78e377324906.jpg,https://requestor-proxy.figure-eight.com/figure_eight_datasets/open-images/train/fecb78e377324906.jpg
ffdf201218f92ff1.jpg,https://requestor-proxy.figure-eight.com/figure_eight_datasets/open-images/train/ffdf201218f92ff1.jpg
f0a8acfe7a3ef8f9.jpg,https://requestor-proxy.figure-eight.com/figure_eight_datasets/open-images/train/f0a8acfe7a3ef8f9.jpg
f265339d4203aeeb.jpg,https://requestor-proxy.figure-eight.com/figure_eight_datasets/open-images/train/f265339d4203aeeb.jpg
f3da3b32cbcc44db.jpg,https://requestor-proxy.figure-eight.com/figure_eight_datasets/open-images/train/f3da3b32cbcc44db.jpg
f27c75bdbfe715e5.jpg,https://requestor-proxy.figure-eight.com/figure_eight_datasets/open-images/train/f27c75bdbfe715e5.jpg
fb66071c64dac98f.jpg,https://requestor-proxy.figure-eight.com/figure_eight_datasets/open-images/train/fb66071c64dac98f.jpg
ea27800cd602a2e5.jpg,https://requestor-proxy.figure-eight.com/figure_eight_datasets/open-images/train/ea27800cd602a2e5.jpg
e890dc5c8fb65535.jpg,https://requestor-proxy.figure-eight.com/figure_eight_datasets/open-images/train/e890dc5c8fb65535.jpg
eaf3eaa47a2c9a64.jpg,https://requestor-proxy.figure-eight.com/figure_eight_datasets/open-images/train/eaf3eaa47a2c9a64.jpg
fb7e3ef76e377ddb.jpg,https://requestor-proxy.figure-eight.com/figure_eight_datasets/open-images/train/fb7e3ef76e377ddb.jpg
efd58086ceeca736.jpg,https://requestor-proxy.figure-eight.com/figure_eight_datasets/open-images/train/efd58086ceeca736.jpg
ff97fe1f2faa83f9.jpg,https://requestor-proxy.figure-eight.com/figure_eight_datasets/open-images/train/ff97fe1f2faa83f9.jpg
ef671ae116497fb2.jpg,https://requestor-proxy.figure-eight.com/figure_eight_datasets/open-images/train/ef671ae116497fb2.jpg
fb691bf9990e2afa.jpg,https://requestor-proxy.figure-eight.com/figure_eight_datasets/open-images/train/fb691bf9990e2afa.jpg
eb872296f801360b.jpg,https://requestor-proxy.figure-eight.com/figure_eight_datasets/open-images/train/eb872296f801360b.jpg
e7e826761f32f769.jpg,https://requestor-proxy.figure-eight.com/figure_eight_datasets/open-images/train/e7e826761f32f769.jpg
e0581d87281bb10a.jpg,https://requestor-proxy.figure-eight.com/figure_eight_datasets/open-images/train/e0581d87281bb10a.jpg
f1d73bee8f24c80c.jpg,https://requestor-proxy.figure-eight.com/figure_eight_datasets/open-images/train/f1d73bee8f24c80c.jpg
fc3f89c90d56686d.jpg,https://requestor-proxy.figure-eight.com/figure_eight_datasets/open-images/train/fc3f89c90d56686d.jpg
f0e1910ac0494206.jpg,https://requestor-proxy.figure-eight.com/figure_eight_datasets/open-images/train/f0e1910ac0494206.jpg
e1005396b16ce6dc.jpg,https://requestor-proxy.figure-eight.com/figure_eight_datasets/open-images/train/e1005396b16ce6dc.jpg
e099a87539cfbcf8.jpg,https://requestor-proxy.figure-eight.com/figure_eight_datasets/open-images/train/e099a87539cfbcf8.jpg
fb3b08bc1e05b61b.jpg,https://requestor-proxy.figure-eight.com/figure_eight_datasets/open-images/train/fb3b08bc1e05b61b.jpg
f2d6aa23e8497a1b.jpg,https://requestor-proxy.figure-eight.com/figure_eight_datasets/open-images/train/f2d6aa23e8497a1b.jpg
f02d882eb5d1fa26.jpg,https://requestor-proxy.figure-eight.com/figure_eight_datasets/open-images/train/f02d882eb5d1fa26.jpg
f6cb8bd3f54ba104.jpg,https://requestor-proxy.figure-eight.com/figure_eight_datasets/open-images/train/f6cb8bd3f54ba104.jpg
e8004c1e2d776b6c.jpg,https://requestor-proxy.figure-eight.com/figure_eight_datasets/open-images/train/e8004c1e2d776b6c.jpg
f8f2df4efe881a1d.jpg,https://requestor-proxy.figure-eight.com/figure_eight_datasets/open-images/train/f8f2df4efe881a1d.jpg
fd0ae4fc32d5a99d.jpg,https://requestor-proxy.figure-eight.com/figure_eight_datasets/open-images/train/fd0ae4fc32d5a99d.jpg
dfa292e276468e84.jpg,https://requestor-proxy.figure-eight.com/figure_eight_datasets/open-images/train/dfa292e276468e84.jpg
ebfe34afb621854e.jpg,https://requestor-proxy.figure-eight.com/figure_eight_datasets/open-images/train/ebfe34afb621854e.jpg
ff388f0101b3accb.jpg,https://requestor-proxy.figure-eight.com/figure_eight_datasets/open-images/train/ff388f0101b3accb.jpg
fb4a91591062879a.jpg,https://requestor-proxy.figure-eight.com/figure_eight_datasets/open-images/train/fb4a91591062879a.jpg
f3ebf9a7e88cb9f2.jpg,https://requestor-proxy.figure-eight.com/figure_eight_datasets/open-images/train/f3ebf9a7e88cb9f2.jpg
ec59d4b45208e633.jpg,https://requestor-proxy.figure-eight.com/figure_eight_datasets/open-images/train/ec59d4b45208e633.jpg
faa8fa2ecdf1781d.jpg,https://requestor-proxy.figure-eight.com/figure_eight_datasets/open-images/train/faa8fa2ecdf1781d.jpg
f28f05b35b503a70.jpg,https://requestor-proxy.figure-eight.com/figure_eight_datasets/open-images/train/f28f05b35b503a70.jpg
f59af6a2141f26df.jpg,https://requestor-proxy.figure-eight.com/figure_eight_datasets/open-images/train/f59af6a2141f26df.jpg
e55592f306ec1b0b.jpg,https://requestor-proxy.figure-eight.com/figure_eight_datasets/open-images/train/e55592f306ec1b0b.jpg
ff5d6d6cc3b7c652.jpg,https://requestor-proxy.figure-eight.com/figure_eight_datasets/open-images/train/ff5d6d6cc3b7c652.jpg
e75027fa6640892f.jpg,https://requestor-proxy.figure-eight.com/figure_eight_datasets/open-images/train/e75027fa6640892f.jpg
e4b5c6377ef8a5e7.jpg,https://requestor-proxy.figure-eight.com/figure_eight_datasets/open-images/train/e4b5c6377ef8a5e7.jpg
e70654076c0cd027.jpg,https://requestor-proxy.figure-eight.com/figure_eight_datasets/open-images/train/e70654076c0cd027.jpg
f291218f8b4dc4ba.jpg,https://requestor-proxy.figure-eight.com/figure_eight_datasets/open-images/train/f291218f8b4dc4ba.jpg
e2eb1341084ca215.jpg,https://requestor-proxy.figure-eight.com/figure_eight_datasets/open-images/train/e2eb1341084ca215.jpg
ee3bffe74e65ad3c.jpg,https://requestor-proxy.figure-eight.com/figure_eight_datasets/open-images/train/ee3bffe74e65ad3c.jpg
e0bb5264f76acea7.jpg,https://requestor-proxy.figure-eight.com/figure_eight_datasets/open-images/train/e0bb5264f76acea7.jpg
df2212f6e1ad2862.jpg,https://requestor-proxy.figure-eight.com/figure_eight_datasets/open-images/train/df2212f6e1ad2862.jpg
e8e9a4ab20d85c58.jpg,https://requestor-proxy.figure-eight.com/figure_eight_datasets/open-images/train/e8e9a4ab20d85c58.jpg
f1945ddd8db9784e.jpg,https://requestor-proxy.figure-eight.com/figure_eight_datasets/open-images/train/f1945ddd8db9784e.jpg
e42219d8cf6f0547.jpg,https://requestor-proxy.figure-eight.com/figure_eight_datasets/open-images/train/e42219d8cf6f0547.jpg
ea4cf88056daf95d.jpg,https://requestor-proxy.figure-eight.com/figure_eight_datasets/open-images/train/ea4cf88056daf95d.jpg
ea2b20c829227816.jpg,https://requestor-proxy.figure-eight.com/figure_eight_datasets/open-images/train/ea2b20c829227816.jpg
e39702dff2b12ec4.jpg,https://requestor-proxy.figure-eight.com/figure_eight_datasets/open-images/train/e39702dff2b12ec4.jpg
